<?xml version="1.0" encoding="utf-8"?><feed xmlns="http://www.w3.org/2005/Atom" ><generator uri="https://jekyllrb.com/" version="4.4.1">Jekyll</generator><link href="https://gstylios.com/feed.xml" rel="self" type="application/atom+xml" /><link href="https://gstylios.com/" rel="alternate" type="text/html" /><updated>2025-06-27T20:21:27+01:00</updated><id>https://gstylios.com/feed.xml</id><title type="html">George K Stylios Personal Website</title><subtitle>Personal website of George K Stylios, showcasing LifeHighlights</subtitle></feed>