<?xml version="1.0" encoding="utf-8"?><feed xmlns="http://www.w3.org/2005/Atom" ><generator uri="https://jekyllrb.com/" version="4.4.1">Jekyll</generator><link href="http://localhost:4000/feed.xml" rel="self" type="application/atom+xml" /><link href="http://localhost:4000/" rel="alternate" type="text/html" /><updated>2025-06-27T18:42:48+01:00</updated><id>http://localhost:4000/feed.xml</id><title type="html">George K Stylios Personal Website</title><subtitle>Personal website of George K Stylios, showcasing LifeHighlights</subtitle></feed>